dong,title,description,originallink,link,pubDate
성수동,"[유통레이더] 입추 지나자 맨투맨 매출 338%↑…CJ온스타일, 가을 패션 ...","주요 상권과 지하철 역사에서 대규모 옥외광고(OOH)를 진행한다. 성수동 팝업스토어 운영 등 온·오프라인... ‘스타필드 플레이’는 여름방학을 맞은 지역 아동을 스타필드로 초청해 스포츠 활동과 문화 클래스, 외식...",https://www.mydaily.co.kr/page/view/2026081913262906538,https://n.news.naver.com/mnews/article/117/0004096132?sid=103,"Wed, 19 Aug 2026 13:28:00 +0900"
망원동,"외국인 관광객, 침체된 소상공인 경기에 '구원투수' 될까",국내 소비 회복이 더디고 골목상권의 체감경기도 살아나지 않는 가운데 외국인 관광객이 소상공인 경기의 '구원투수'가 될 수 있을지 주목된다. 서울 마포구 망원동의 한 카페는 원래 내국인 사이에서 입소문을 탄...,http://www.kbiznews.co.kr/news/articleView.html?idxno=114681,http://www.kbiznews.co.kr/news/articleView.html?idxno=114681,"Wed, 19 Aug 2026 08:30:00 +0900"
성수동,지방 상권 다 죽었다는데…‘돈만 잘 버는’ 이곳은? [이코노픽],"하이브리드형' 상권도 있습니다. 대표적인 곳이 강릉 교동인데요. 아파트 단지가 밀집하고 학교와 학원이 모여 있어 자녀를 둔 30, 40대 가구의 교육과 외식 등 생활 서비스 소비가 꾸준히 발생합니다. 여기에 주말과...",https://news.kbs.co.kr/news/pc/view/view.do?ncd=8636378&ref=A,https://n.news.naver.com/mnews/article/056/0012237259?sid=101,"Thu, 13 Aug 2026 18:14:00 +0900"
성수동,"[단독] 버거킹, 파인다이닝 셰프 뽑았다…불붙은 성수 '버거 전쟁'",서울 성수동 상권 복귀를 준비하면서 쉐이크쉑과 노브랜드 버거 등이 자리 잡은 성수가 국내 버거 브랜드의 최대 격전지로 떠오르고 있다. 버거킹 첫 '파인다이닝'…미슐랭급 경력 셰프 채용 12일 외식업계에 따르면...,https://www.hankyung.com/article/202608115134i,https://n.news.naver.com/mnews/article/015/0005319859?sid=101,"Wed, 12 Aug 2026 06:01:00 +0900"
연남동,"골든블루, '쿼츠 인 더 시티' 진행…매장별 맞춤 레시피로 경쟁력 제고",골든블루가 서울 연남동의 하이볼 전문점 '나카스하이볼클럽'과 손잡고 '쿼츠 인 더 시티(Quartz in the City)' 캠페인을 전개한다고 11일 밝혔다. '쿼츠 인 더 시티'는 도심 내 주요 외식 업장들과 협업해 위스키 '골든블루 쿼츠...,https://www.financialpost.co.kr/news/articleView.html?idxno=270048,https://www.financialpost.co.kr/news/articleView.html?idxno=270048,"Tue, 11 Aug 2026 18:16:00 +0900"
성수동,"[유통갤러리] 현대그린푸드 '베즐리', 오뚜기와 이색 빵 선봬 外",무신사 스탠다드는 지난 4일부터 6일까지 서울 성수동에서 ‘27SS 글로벌 수주회’를 진행했다. 무신사... 핵심 상권을 중심으로 제휴 업장을 순차적으로 확대해 나갈 예정이다. 소비자들이 각기 다른 외식 공간에서 그...,https://theviewers.co.kr/View.aspx?No=4181677,https://theviewers.co.kr/View.aspx?No=4181677,"Tue, 11 Aug 2026 10:18:00 +0900"
한남동,"[유통가 NOW] 우아한형제들, 파스쿠찌, 쿠쿠, 현대홈쇼핑, 바디프랜드, ...","이번 협약은 고물가 속 가격을 지켜온 외식업주에게 매출 증대 기회를 주고, 동시에 소비자의 물가 부담을... 둘째 날인 7일에는 한남동 '패션5'와 도곡동 '배스킨라빈스 워크샵'에서 제품 시식과 매장을 경험하는 체험...",https://www.ekn.kr/web/view.php?key=20260810028211225,https://www.ekn.kr/web/view.php?key=20260810028211225,"Mon, 10 Aug 2026 16:24:00 +0900"
한남동,"[유통소식]풀무원재단, '어린이 지속가능 식생활 교육' 확대","이를 통해 대도시 중심의 상권 집중 현상에서 벗어나 균형 있는 지역 발전을 도모한다는 구상이다. 최근 소비자들의 카드 사용 패턴은 대형마트와 백화점, 면세점 중심에서 전통시장과 먹거리 장터, 외식업으로...",http://www.4th.kr/news/articleView.html?idxno=2116057,http://www.4th.kr/news/articleView.html?idxno=2116057,"Mon, 10 Aug 2026 12:50:00 +0900"
성수동,북촌·서촌도 성수화…노포 떠나고 '러닝 성지'로[출동!인턴],"북촌과 서촌이 한옥의 골목 정취를 유지하며 성수동보다 정체성 소멸 속도가 늦지만 임대료·권리금 상승, 대형 자본의 유입이 계속되면 장기적으로 상권의 획일화와 정체성 약화가 불가피할 수 있다""고 말했다．",https://www.newsis.com/view/NISX20260803_0003734203,https://n.news.naver.com/mnews/article/003/0014115307?sid=101,"Sat, 08 Aug 2026 09:00:00 +0900"
성수동,야간경제·사장 브랜딩·Z세대 부상…,"골목상권에도 온기가 돌기 시작했다. 특히 을지로·종로 야장, 성수동 팝업스토어, 한남동 카페 골목 등... 7일 상권이 외식업이 생존·성장할 수 있는 절대 공식이 됐다”며 “매장 운영이나 창업을 준비하고 있다면...",https://www.mk.co.kr/article/12113091,https://n.news.naver.com/mnews/article/024/0000107409?sid=101,"Fri, 07 Aug 2026 21:01:00 +0900"
한남동,야간경제·사장 브랜딩·Z세대 부상…,서울 한남동에 위치한 카페 ‘언페이지’는 사장 브랜딩을 잘 활용한 사례다. 안치훈 언스페셜티 대표는... 7일 상권이 외식업이 생존·성장할 수 있는 절대 공식이 됐다”며 “매장 운영이나 창업을 준비하고 있다면...,https://www.mk.co.kr/article/12113091,https://n.news.naver.com/mnews/article/024/0000107409?sid=101,"Fri, 07 Aug 2026 21:01:00 +0900"
한남동,"한남동그집, 기존 점포 활용한 업종전환 창업 모델 운영","외식업계의 경영 부담이 지속되면서 매출 감소와 원재료비, 인건비 등 운영비 상승을 동시에 겪는... 이러한 흐름에 맞춰 한남동그집도 업종전환 창업 모델을 운영하고 있다. 한남동그집은 소형 매장 운영을 기반으로 기존...",https://www.ksilbo.co.kr/news/articleView.html?idxno=1063962,https://www.ksilbo.co.kr/news/articleView.html?idxno=1063962,"Thu, 06 Aug 2026 11:26:00 +0900"
한남동,[유통소식] 신세계百 '비욘드신세계' 오픈 1주년..고객 감사 프로모션,최근 외식업계에서는 단순히 음식을 판매하는 매장을 넘어 브랜드 체험을 제공하는 플래그십 매장을 확대하는 추세다. 외국인 관광객이 많이 찾는 상권을 중심으로 대표 메뉴뿐 아니라 브랜드 정체성과 콘텐츠를 함께...,http://www.4th.kr/news/articleView.html?idxno=2115722,http://www.4th.kr/news/articleView.html?idxno=2115722,"Tue, 04 Aug 2026 06:00:00 +0900"
한남동,"한남동그집, 생활권 중심 입지 운영 사례… 반복 방문 고려한 상권 선택...","많아, 외식업에서는 이러한 소비 패턴을 고려한 매장 운영이 이루어지는 사례가 늘고 있다. 한남동그집 역시 이러한 상권 특성을 반영해 운영 방식을 구성하고 있다. 특정 유행이나 단기간의 방문 수요에 의존하기보다...",https://www.job-post.co.kr/news/articleView.html?idxno=221632,https://www.job-post.co.kr/news/articleView.html?idxno=221632,"Mon, 20 Jul 2026 16:30:00 +0900"
한남동,"한남동그집, 현실적인 창업 여건 고려한 소형 운영 모델 적용","이와 관련해 한남동그집은 소형 점포를 기반으로 한 운영 구조를 적용하고 있다. 매장 규모와 운영 인력을... 한편, 외식업 창업 방식은 상권과 점포 조건, 운영 형태 등에 따라 차이가 발생할 수 있으며, 실제 투자 비용과...",https://www.woodkorea.co.kr/news/articleView.html?idxno=90240,https://www.woodkorea.co.kr/news/articleView.html?idxno=90240,"Fri, 10 Jul 2026 13:36:00 +0900"
한남동,"술은 거들 뿐…유흥가 지고, ‘취향’ 켜는 상권 [취하지 않는 사회③]","서울시 상권분석시스템의 ‘외식업/호프-간이주점’ 개·폐업 추이 데이터에 따르면, 폭음 문화의 쇠퇴와... 최근 성수동과 한남동 등 트렌디한 골목을 주도하는 주류 브랜드들의 팝업스토어 공간 역시 방문객에게...",https://www.dailian.co.kr/news/view/1664328/?sc=Naver,https://n.news.naver.com/mnews/article/119/0003109791?sid=103,"Thu, 09 Jul 2026 14:29:00 +0900"
성수동,"술은 거들 뿐…유흥가 지고, ‘취향’ 켜는 상권 [취하지 않는 사회③]","서울시 상권분석시스템의 ‘외식업/호프-간이주점’ 개·폐업 추이 데이터에 따르면, 폭음 문화의 쇠퇴와... 최근 성수동과 한남동 등 트렌디한 골목을 주도하는 주류 브랜드들의 팝업스토어 공간 역시 방문객에게...",https://www.dailian.co.kr/news/view/1664328/?sc=Naver,https://n.news.naver.com/mnews/article/119/0003109791?sid=103,"Thu, 09 Jul 2026 14:29:00 +0900"
성수동,혼자 사는데도 '집 앞'이 아니라 '핫플'로…1인가구의 외식 지도,"같은 시기 성수동은 낡은 공장지대를 리모델링한 카페·팝업스토어가 몰리며 '플래그십 상권'으로... 집에 드는 고정비가 큰 만큼 외식·여가에서는 '자주'보다 '가끔, 제대로'를 택하는 경향이 관찰된다. 혼자 먹어도...",http://www.dailypop.kr/news/articleView.html?idxno=99989,http://www.dailypop.kr/news/articleView.html?idxno=99989,"Tue, 07 Jul 2026 11:40:00 +0900"
한남동,"한남동그집, 재방문 고객 중심 운영 방식 적용…반복 방문 고려한 매장...",외식업에서는 신규 고객 유입과 기존 고객의 반복 방문을 유지하는 운영 방식이 관리 요소로 활용되고 있다.... 이와 관련해 한남동그집은 반복 방문을 고려한 운영 방식을 적용하고 있다. 생활권 중심 상권을 기반으로 고객...,https://www.thegolftimes.co.kr/news/articleView.html?idxno=81533,https://www.thegolftimes.co.kr/news/articleView.html?idxno=81533,"Mon, 06 Jul 2026 12:46:00 +0900"
성수동,"양꼬치 전문 양복점, 마곡 발산점 31호점 오픈···LG·CJ 직장인 회식...","비즈니스 상권을 더했다는 점에서 의미가 있다. 양복점은 성수동, 사당, 용산, 방이동 등 서울의 주요... 단지의 외식 수요도 함께 흡수할 수 있는 입지를 갖췄다. 양복점은 비즈니스 미팅과 단체 회식에 어울리는 매장...",https://www.enetnews.co.kr/news/articleView.html?idxno=51872,https://www.enetnews.co.kr/news/articleView.html?idxno=51872,"Tue, 30 Jun 2026 17:04:00 +0900"
연남동,"케이디우드테크, 프리미엄 원목 음향 패널로 연남동 골목 상권 재생 이...",마포구 연남동 일식 파인다이닝 레스토랑 '연남코마'에 사운드메이트 '플렉시블 어쿠스틱 패널 오크블랙' 시공을 완료했다고 밝혔다. 이번 프로젝트는 공실이었던 상가 공간을 프리미엄 외식 공간으로 리모델링하면서...,https://www.woodkorea.co.kr/news/articleView.html?idxno=90092,https://www.woodkorea.co.kr/news/articleView.html?idxno=90092,"Tue, 30 Jun 2026 16:22:00 +0900"
성수동,"""지역상권 의미 없어 … 원정족 잡아야 돈 되죠""","명품 소비와 외식, 놀이와 문화, 가족 체류 공간을 한곳에 묶어 소비자의 시간을 붙잡는 방식으로 진화한 공간이라는 설명이다. 김 부회장은 ""요즘 초대형 쇼핑몰 고객은 과거 백화점 고객과 다르다""며 ""상권 안에 사는 단골...",https://www.mk.co.kr/article/12085099,https://n.news.naver.com/mnews/article/009/0005699854?sid=102,"Sun, 28 Jun 2026 17:54:00 +0900"
한남동,"한남동그집, 소형 점포 창업 운영 구조에 대한 사례 제시","외식업 관계자는 ""최근 창업 시장에서는 규모 확장보다 매장 운영에 필요한 비용 구조를 먼저 확인하는 경우가 많다""며 ""점포 규모와 운영 인력, 상권 특성을 함께 고려하는 접근이 필요하다""고 말했다. 한편, 소형 점포 창업...",https://www.job-post.co.kr/news/articleView.html?idxno=219166,https://www.job-post.co.kr/news/articleView.html?idxno=219166,"Thu, 25 Jun 2026 14:52:00 +0900"
성수동,"천하제빵, 성수동에 '성수르 치아바타' 첫 플래그십 매장 오픈","성수동은 베이커리와 디저트 브랜드가 밀집한 서울의 대표적인 식음료 상권으로, 젊은 소비층과 관광객의... 회사는 콘텐츠와 외식 브랜드를 연계하는 지식재산권(IP) 사업 모델을 통해 사업 영역을 확대하고 있다....",https://www.gokorea.kr/news/articleView.html?idxno=869891,https://www.gokorea.kr/news/articleView.html?idxno=869891,"Mon, 22 Jun 2026 16:16:00 +0900"
한남동,"한남동그집, 소형 주점 운영 구조 통한 고정비 관리 방식 적용",외식업 창업 시장에서 고정비 부담을 줄이는 운영 방식이 주요 검토 요소로 자리 잡고 있다. 임대료와 인건비... 이와 관련 한남동그집은 소형 점포 기반 운영 구조를 적용하며 고정비 관리의 매장 운영 방식을 구축하고...,https://www.thegolftimes.co.kr/news/articleView.html?idxno=81387,https://www.thegolftimes.co.kr/news/articleView.html?idxno=81387,"Thu, 18 Jun 2026 18:20:00 +0900"
성수동,[유통레이더] CJ제일제당 ‘소바바’ 치킨 브랜드로 독립 출범…“외식...,"19~21일 성수동에서 ‘황민현과 함께하는 소바바’ 스페셜 팝업스토어를 운영하고, 인천 문학구장에서도 야구 정규시즌 동안 ‘소바바 세트’ 특별 매대를 선보인다. CJ제일제당 관계자는 “소바바를 외식과 배달 치킨...",https://www.mydaily.co.kr/page/view/2026061716480385474,https://n.news.naver.com/mnews/article/117/0004075667?sid=103,"Wed, 17 Jun 2026 16:49:00 +0900"
성수동,"""성수동 뛰쳐나온 팝업""… 한강·수영장·강남으로","과거 팝업스토어가 젊은 층이 몰리는 성수동 등 특정 상권에 집중됐다면, 최근에는 브랜드 성격과 계절... 외식업계도 팝업 경쟁에 뛰어들고 있다. 원앤원이 운영하는 원할머니 보쌈족발은 크리에이터 '김밥대장'과...",https://www.dt.co.kr/article/12068102?ref=naver,https://n.news.naver.com/mnews/article/029/0003032282?sid=101,"Wed, 17 Jun 2026 15:48:00 +0900"
성수동,"성수동 넘어 한강·호텔로…식품업계, 여름 팝업 마케팅 경쟁",불리는 성수동을 넘어 공간 선점 전략이 다양해지고 있다. 젊은 층 활동이 많은 서울 주요 상권은 물론... 외식기업 원앤원이 운영하는 원할머니 보쌈족발은 TV 프로그램 '생활의 달인'에 출연해 화제를 모은 크리에이터...,https://www.yna.co.kr/view/AKR20260616148400030?input=1195m,https://n.news.naver.com/mnews/article/001/0016142630?sid=101,"Wed, 17 Jun 2026 06:30:00 +0900"
한남동,"BMW 한남 전시장 이전 개장...도이치모터스, 이태원 상권으로 이동",신규 전시장은 한남동과 이태원 상권을 잇는 지역에 들어섰다. 패션·외식·문화 시설이 밀집한 곳으로 유동 인구가 많은 지역이다. 신규 전시장은 한남동과 이태원 상권을 잇는 지역에 들어섰다. 전시장은 지상 1층...,https://www.getnews.co.kr/news/articleView.html?idxno=872185,https://www.getnews.co.kr/news/articleView.html?idxno=872185,"Thu, 11 Jun 2026 17:04:00 +0900"
한남동,"한남동그집, 생활권 기반 운영 모델 적용",근린 상권은 일반적으로 고객과의 접점이 반복적으로 형성되는 특징을 가진다. 이에 따라 외식업장 역시 단기적인 방문 수요보다 지속적인 방문 가능성을 고려한 운영 구조를 검토하는 사례가 나타나고 있다. 한남동그집...,https://www.ksilbo.co.kr/news/articleView.html?idxno=1059059,https://www.ksilbo.co.kr/news/articleView.html?idxno=1059059,"Wed, 10 Jun 2026 09:50:00 +0900"
성수동,서울은 살아있다...끊임없는 움직이는 역동의 상권,"신촌과 강남역도 외식과 쇼핑, 오락을 즐기기 위해 방문하는 대표적인 상권이었다. 당시 사람들은 특정... 성수동 상권의 혼잡도를 나타낸 데이터. 역을 중심으로 넓은 범위에 걸쳐 상권이 형성돼 있다. 사진 = 서울 실시간...",https://cooknchefnews.com/news/view/1065588950649448,https://cooknchefnews.com/news/view/1065588950649448,"Fri, 05 Jun 2026 16:32:00 +0900"
한남동,서울은 살아있다...끊임없는 움직이는 역동의 상권,"성수동과 한남동 등 리테일 상권이 서울을 대표한다. 새로운 상권이 등장하는 것은 어느 도시에서나... 신촌과 강남역도 외식과 쇼핑, 오락을 즐기기 위해 방문하는 대표적인 상권이었다. 당시 사람들은 특정 브랜드를...",https://cooknchefnews.com/news/view/1065588950649448,https://cooknchefnews.com/news/view/1065588950649448,"Fri, 05 Jun 2026 16:32:00 +0900"
연남동,서울은 살아있다...끊임없는 움직이는 역동의 상권,"신촌과 강남역도 외식과 쇼핑, 오락을 즐기기 위해 방문하는 대표적인 상권이었다. 당시 사람들은 특정... 성수동과 연남동, 한남동은 과거의 골목상권과도 성격이 다르다. 성수동을 찾는 사람들은 유명 카페 한 곳만...",https://cooknchefnews.com/news/view/1065588950649448,https://cooknchefnews.com/news/view/1065588950649448,"Fri, 05 Jun 2026 16:32:00 +0900"
성수동,"“젠슨 황, 여기 오나요?”…성수동 삼겹살집 예약 폭주 [이슈픽]","젠슨 황이 성수동의 한 삼겹살집에서 국내 재계 총수들과 만날 것으로 알려지면서 외식업계도 덩달아... 실제로 해당 식당은 물론, 주변 상권까지 특수를 누릴 수 거란 전망이 나오는데요. 과연 이번에도 삼겹살 열풍을...",https://news.kbs.co.kr/news/pc/view/view.do?ncd=8578074&ref=A,https://n.news.naver.com/mnews/article/056/0012193992?sid=101,"Thu, 04 Jun 2026 18:36:00 +0900"
성수동,'깐부형' 젠슨 황 온다… 깐부치킨·하이트진로 이어 성수동 들썩,외식업계가 가장 주목하는 장면은 성수동 삼겹살 회동이다. 회동 장소로 성수동 일대 삼겹살 음식점 3~4곳이... 성수동은 이미 젊은 소비자와 외국인 관광객이 몰리는 서울의 대표 상권이다. 여기에 글로벌 AI 반도체...,https://www.newscj.com/news/articleView.html?idxno=3406642,https://www.newscj.com/news/articleView.html?idxno=3406642,"Thu, 04 Jun 2026 13:48:00 +0900"
성수동,"""젠슨 황 근처 앉을 자리 있나요""…성수동 삼겹살집 예약 폭주",한 업계 관계자는 “요즘 소비자는 유명인이 다녀간 장소를 단순히 구경하는 데 그치지 않고 같은 메뉴를 주문하고 같은 자리에 앉아보려는 경험 소비를 한다”며 “젠슨 황 회동이 성수동 외식 상권 전체의 이슈가 될...,https://www.hankyung.com/article/202606034561i,https://n.news.naver.com/mnews/article/015/0005294753?sid=101,"Thu, 04 Jun 2026 06:01:00 +0900"
망원동,"오뚜기, 외식업계와 협업…소스 활용 미식 경험 강화","오뚜기가 외식업체와의 협업을 확대하며 자사 제품을 활용한 메뉴 개발에 나서고 있다. 소비자에게 익숙한... 성수동과 서순라길, 망원동 등 주요 상권에 위치한 멕시칸 레스토랑 7곳에는 오리지널 핫소스와 할라피뇨...",https://www.polinews.co.kr/news/articleView.html?idxno=732921,https://www.polinews.co.kr/news/articleView.html?idxno=732921,"Tue, 02 Jun 2026 21:22:00 +0900"
성수동,"오뚜기, 외식업계와 협업…소스 활용 미식 경험 강화","오뚜기가 외식업체와의 협업을 확대하며 자사 제품을 활용한 메뉴 개발에 나서고 있다. 소비자에게 익숙한... 성수동과 서순라길, 망원동 등 주요 상권에 위치한 멕시칸 레스토랑 7곳에는 오리지널 핫소스와 할라피뇨...",https://www.polinews.co.kr/news/articleView.html?idxno=732921,https://www.polinews.co.kr/news/articleView.html?idxno=732921,"Tue, 02 Jun 2026 21:22:00 +0900"
망원동,맛과 건강을 다 잡는 맛집…망원동 방문 리스트에 넣을 가게 정보 (생방...,"새로운 외식 트렌드로 주목받는다. 이때 'UDT - 건강을 생각한 동네, 망원동 편'에서는 '샐러마리'가 소개된다.... 망원동은 전통시장과 주거 지역, 개성 있는 카페와 식당들이 조화를 이루며 서울을 대표하는 동네 상권...",https://www.wikitree.co.kr/articles/1139440,https://www.wikitree.co.kr/articles/1139440,"Tue, 02 Jun 2026 16:40:00 +0900"
성수동,젠슨 황·재계 총수 회동에 외식업계도 술렁…'제2의 깐부치킨' 어디냐...,및 외식업계가 들썩이고 있다. 지난해 '깐부치킨 회동'에 이어 이번 만남 역시 막대한 미디어 노출이라는... 반면 프랜차이즈가 아닐 경우에도 최근 글로벌 팝업스토어의 성지로 떠오른 성수동 상권 특성과 맞물려 외국인...,https://news.tf.co.kr/read/economy/2328636.htm,https://n.news.naver.com/mnews/article/629/0000504304?sid=101,"Tue, 02 Jun 2026 11:53:00 +0900"
성수동,"파파존스, 성수동서 '토이 스토리 5' 연계 팝업 운영…12~14일 체험형 공...","외식 프랜차이즈 업계 한 관계자는 ""브랜드와 콘텐츠 지식재산권(IP)을 결합한 오프라인 체험형 마케팅이 소비자 접점을 넓히는 방식으로 활용되고 있다""며 ""성수동처럼 유동 인구가 많은 상권에서 브랜드 경험을...",https://www.shinailbo.co.kr/news/articleView.html?idxno=5026103,https://www.shinailbo.co.kr/news/articleView.html?idxno=5026103,"Mon, 01 Jun 2026 17:10:00 +0900"
성수동,"63세 노희영, 예비 자영업자에 경고…""식당·카페, 지금 열면 안 돼"" ('주...",강남 같은 고가 상권은 물론이고 성수동 역시 중소 규모 외식업체가 장기적으로 자리 잡기 어려운 환경이 됐다는 것이다. 이 때문에 많은 브랜드들이 안정적인 매장을 확보하지 못한 채 '팝업스토어' 형태의 단기 운영에...,https://mhnse.com/news/articleView.html?idxno=1394461,https://m.entertain.naver.com/article/445/0000420516,"Sat, 30 May 2026 16:48:00 +0900"
한남동,"소도몰, 외식 브랜드 3곳 인수…F&B 사업 확대","이번에 인수한 브랜드들은 한남동과 압구정, 여의도 IFC, 삼성 코엑스 등 주요 상권에 위치해 있다. 소도몰은 핵심 상권 기반 브랜드를 확보함으로써 외식 사업 경쟁력 확대와 브랜드 포트폴리오 다각화를 추진할...",https://www.hankyung.com/article/202605271745O,https://n.news.naver.com/mnews/article/015/0005292172?sid=101,"Thu, 28 May 2026 09:01:00 +0900"
한남동,"소도몰, 외식 브랜드 이속우화·소울마켓 베이커리·여의나룻 인수","특히 삼성 코엑스와 여의도 IFC, 한남동, 압구정 등 주요 상권 내 브랜드를 확보했다는 점에서 업계 관심이 이어지고 있다. '이속우화'는 한우 오마카세 콘셉트를 기반으로 운영되는 외식 브랜드다. 한남동 본점을 시작으로...",https://www.etnews.com/20260527000351,https://n.news.naver.com/mnews/article/030/0003431806?sid=103,"Wed, 27 May 2026 14:51:00 +0900"
한남동,"한남동그집, 초보 창업자 운영 고려한 표준시스템 적용","이와 관련해 한남동그집은 수제 안주 기반 메뉴 운영과 표준화된 조리, 운영 시스템을 적용하고 있다. 조리... 한편, 외식업 운영 방식은 상권, 점포 규모, 운영 인력 구성 등에 따라 차이가 발생할 수 있으며 실제 운영...",https://www.thegolftimes.co.kr/news/articleView.html?idxno=81204,https://www.thegolftimes.co.kr/news/articleView.html?idxno=81204,"Wed, 27 May 2026 12:48:00 +0900"
망원동,“재탈환 노린다” 유동균 앞세운 민주당…마포구 선거 인물은 [6·3 지방...,"망원동·연남동 상권과 관련해서는 로컬 브랜드화를 통한 골목경제 활성화를 강조했다. 청년 창업 지원과... 라선거구 남해석 후보는 현 마포구의회 의원으로, 의회 입성전 한국외식업중앙회 마포구지회 활동과...",http://www.fntimes.com/html/view.php?ud=202605221515566194b372994c95_18,http://www.fntimes.com/html/view.php?ud=202605221515566194b372994c95_18,"Tue, 26 May 2026 15:02:00 +0900"
연남동,"혼술바 '야화', 합정점 오픈… 홍대·합정 상권 확장 나서",연남동을 잇는 상권으로 젊은 층의 문화 소비와 유동 인구가 많은 지역으로 꼽힌다. 최근 혼자 머무는 시간을 중시하면서도 가벼운 교류를 선호하는 소비 경향이 확산되면서 혼술 공간에 대한 수요도 이어지고 있다. 외식...,http://www.e2news.com/news/articleView.html?idxno=330691,http://www.e2news.com/news/articleView.html?idxno=330691,"Fri, 22 May 2026 10:30:00 +0900"
성수동,“횟집 허드렛일하다 성수동 스시집 사장님 됐다”…조카 한마디에 ‘대...,"배달의민족이 운영하는 배민아카데미가 외식업주 836명을 대상으로 한 설문 조사에 따르면 외식업주 91.5%가... 위 A씨 사례의 경우 ‘성수동, 데이트 상권, 젊은 커플 많이 이용’과 같은 가게 특징을 세세하게 질문에...",https://biz.heraldcorp.com/article/10739342?ref=naver,https://n.news.naver.com/mnews/article/016/0002644382?sid=105,"Sun, 17 May 2026 10:40:00 +0900"
한남동,"한남동그집, 15평 기준 소형 주점 운영 구조 제시",소형 점포 중심의 외식 창업이 확대되는 가운데 제한된 공간 안에서 운영 효율을 높이기 위한 매장 설계... 이와 관련 한남동그집은 15평 내외 점포 기준으로 운영 구조를 적용하고 있다. 좁은 공간에서 주방 운영과 홀...,https://www.thegolftimes.co.kr/news/articleView.html?idxno=81111,https://www.thegolftimes.co.kr/news/articleView.html?idxno=81111,"Fri, 15 May 2026 16:44:00 +0900"
성수동,정원오 “상권 20곳 ‘제2성수동’ 육성…1인가구 지원체계 마련”,"서울 상권 20곳을 ‘제2의 성수동’으로 육성하겠다고 약속했다. 1인 가구 수요에 맞춰 서울 종합... 정 후보는 이날 서울 중구에 있는 한 프랜차이즈 카페에서 전국가맹점주협의회, 대한제과외식가맹점협회...",https://www.etoday.co.kr/news/view/2584669,https://www.etoday.co.kr/news/view/2584669,"Thu, 14 May 2026 19:04:00 +0900"
한남동,가족 운영 가능한 외식 창업 모델 확산… 한남동그집 사례로 본 운영 구...,"외식업 창업 시장에서 인건비 부담이 주요 변수로 작용하면서, 가족 단위로 운영 가능한 소형 매장 모델이... 이와 관련해 한남동그집은 소형 점포를 기반으로 가족 운영이 가능한 구조를 제시했다. 해당 모델은 15평 내외...",https://www.dnews.co.kr/uhtml/view.jsp?idxno=202605061617327330732,https://www.dnews.co.kr/uhtml/view.jsp?idxno=202605061617327330732,"Thu, 07 May 2026 10:22:00 +0900"
성수동,'고물가' 무색한 성수동 열기…카드사 2030대 결제 금액 55.2%↑,"통계청 기준 외식 물가가 2.8% 상승하며 내수 위축에 대한 우려가 깊어지고 있지만, 2030세대의 이른바 '핫플레이스'를 향한 발걸음은 더욱 뜨거워지고 있다. 성수동 등 주요 상권에서 2030세대의 카드 결제 금액이 전년...",https://www.sisaon.co.kr/news/articleView.html?idxno=200376,https://www.sisaon.co.kr/news/articleView.html?idxno=200376,"Sun, 19 Apr 2026 07:30:00 +0900"
성수동,오프라인 정점 찍은 무신사...메가스토어로 성수 상권 장악 나선다,서울 성수동에 6611.57m2 (약 2000평) 규모의 초대형 복합 공간을 선보이며 오프라인 상권 장악에 나섭니다.... 무신사의 이같은 선택은 쇼핑과 외식을 한 공간에서 모두 해결하려는 최근 소비자들의 니즈를 정확히 관통한...,https://www.techm.kr/news/articleView.html?idxno=151018,https://www.techm.kr/news/articleView.html?idxno=151018,"Mon, 13 Apr 2026 13:14:00 +0900"
망원동,"[솔로이코노미] ""혼밥·혼술이 바꾼 골목""…1인가구 밀집 지역, 상권 지...","마포구·성동구는 성수동과 망원동 일대는 1인가구 직장인들의 '출퇴근 동선' 위에 상권이 형성된다. 퇴근길에 들르는 간편식 매장, 밀키트 전문점, 소형 와인바 등이 특히 활발하다. 외식시장에서 포장 비율이 높아질...",http://www.dailypop.kr/news/articleView.html?idxno=97811,http://www.dailypop.kr/news/articleView.html?idxno=97811,"Thu, 09 Apr 2026 15:36:00 +0900"
성수동,"[솔로이코노미] ""혼밥·혼술이 바꾼 골목""…1인가구 밀집 지역, 상권 지...","마포구·성동구는 성수동과 망원동 일대는 1인가구 직장인들의 '출퇴근 동선' 위에 상권이 형성된다. 퇴근길에 들르는 간편식 매장, 밀키트 전문점, 소형 와인바 등이 특히 활발하다. 외식시장에서 포장 비율이 높아질...",http://www.dailypop.kr/news/articleView.html?idxno=97811,http://www.dailypop.kr/news/articleView.html?idxno=97811,"Thu, 09 Apr 2026 15:36:00 +0900"
성수동,[현장] '제2 성수 상권?···무신사發 '서울숲' 르네상스,"이는 연무장길부터 서울숲까지 이어지는 성수동 상권 전체를 'K-패션 허브'로 육성하는 동시에, 이 일대를... 서울시 상권분석 서비스에 따르면 서울숲 아뜰리에길은 외식업 91개, 음료 점포 35개가 밀집한 전형적인 F&B 편중...",https://www.sisajournal-e.com/news/articleView.html?idxno=420301,https://www.sisajournal-e.com/news/articleView.html?idxno=420301,"Mon, 06 Apr 2026 17:22:00 +0900"
여의도동,[중기 뉴스픽] 중기부·한유원·소진공,서울 여의도동 소상공인연합회에서 열린 '소상공인분야 영향 점검회의'에서 참석자들과 기념촬영을 하고... 소상공인업계는 포장재 가격 인상으로 배달 비중이 높은 외식업·소매업 중심으로 경영 애로가 특히 크다고...,https://www.ajunews.com/view/20260401121938868,https://www.ajunews.com/view/20260401121938868,"Wed, 01 Apr 2026 17:26:00 +0900"
연남동,"서울 외식업 매출 첫 감소 ""문 닫는 식당 늘어난 영향""","8% 줄어 들어 ""비용증가 등으로 영업악화"" 서울 마포구 연남동에서 이자카야를 운영하는 김 모씨는 최근 월... 30일 서울시 상권분석 서비스에 따르면 지난해 4분기 서울 외식업 매출은 2조5096억원으로 전년 동기보다...",https://www.mk.co.kr/article/12002625,https://n.news.naver.com/mnews/article/009/0005658377?sid=103,"Mon, 30 Mar 2026 17:55:00 +0900"
연남동,"빅밸류, 데이터 인사이트 서비스 '시그널' 론칭…시장 변화 분석 대중화","대표 사례로 외식업 상권 분석에서는 명동과 연남동처럼 매출 대비 임대료 비중이 높은 지역보다 동자동, 문래동 등이 상대적으로 높은 수익 효율을 보이는 것으로 나타났다. 이를 통해 상권 평가 기준을 '유명세'가 아닌...",https://www.epnc.co.kr/news/articleView.html?idxno=330586,https://www.epnc.co.kr/news/articleView.html?idxno=330586,"Mon, 30 Mar 2026 17:40:00 +0900"
한남동,한남동그집 사례로 본 초보 창업자 실패 줄이는 5가지 기준,외식업 창업 시장에서 '생존'이 가장 중요한 화두로 떠오르고 있다. 경기 불확실성과 고정비 상승이... 한남동그집은 동네 상권 중심 입지를 통해 단골 고객 기반을 확보하는 전략을 선택했다. 이는 경기 변동에도 비교적...,https://www.thebilliards.kr/news/articleView.html?idxno=30347,https://www.thebilliards.kr/news/articleView.html?idxno=30347,"Mon, 30 Mar 2026 17:22:00 +0900"
연남동,"“수익성 높은 상권은 어디?”…빅밸류, 데이터로 시장 변화 읽는 '시그...","실제로 '외식업 상권의 월세 효율' 시그널은 명동1가(21.46%), 연남동(18.65%)처럼 매출 대비 임대료 비중이 높아 수익성이 낮은 상권의 위험성을 읽어냈다. 반면 동자동(8.10%), 문래동2가(9.70%) 등은 상대적으로 임대료 부담이...",https://www.etnews.com/20260330000251,https://n.news.naver.com/mnews/article/030/0003412574?sid=101,"Mon, 30 Mar 2026 13:57:00 +0900"
한남동,불황 속 소규모 창업 대안…한남동그집 운영 전략 차별화,"원칙과 표준화된 운영 체계를 통해 균형을 맞추고 있다""고 밝혔다. 외식 시장이 효율과 개성 사이에서 균형점을 찾는 가운데, 한남동그집의 수제 전략이 동네 상권 기반 소형 주점 모델에서 어떤 성과를 이어갈지 주목된다.",https://www.thegolftimes.co.kr/news/articleView.html?idxno=80652,https://www.thegolftimes.co.kr/news/articleView.html?idxno=80652,"Fri, 20 Mar 2026 10:20:00 +0900"
여의도동,"[중기 뉴스픽] 중기부, '상생결제' 문턱 낮췄다 외",서울 여의도동 KB증권 본사에서 열린 상생결제 도입·확산 협약식에서 참석자들과 기념촬영을 하고 있다.... [사진=소공연] 소상공인연합회는 전국상인연합회·한국외식업중앙회·대한숙박업중앙회와 함께 19일 오후 서울...,https://www.ajunews.com/view/20260319162343452,https://www.ajunews.com/view/20260319162343452,"Thu, 19 Mar 2026 17:48:00 +0900"
성수동,"외식·식품업계, '경험형 먹거리'로 소비자 공략","특히 서울숲과 성수동 상권 특유의 감성을 매장 콘셉트에 적극 반영한 점이 주목된다. 감각적인 인테리어와 피크닉형 테라스, 인증사진을 염두에 둔 포토존을 통해 디저트를 SNS 콘텐츠로 소비하는 젊은 고객층의 취향을...",https://www.pressman.kr/news/articleView.html?idxno=100813,https://www.pressman.kr/news/articleView.html?idxno=100813,"Thu, 12 Mar 2026 09:52:00 +0900"
한남동,"한남동그집, 수제 안주 전략으로 '원팩 조리 확산' 속 차별화","외식 시장이 효율과 개성 사이에서 균형점을 모색하는 가운데, 한남동그집의 수제 전략이 동네 상권 기반 소형 주점 모델에서 어떤 성과를 이어갈지 주목된다. 단, 창업 비용 및 운영 방식은 점포 조건과 상권 특성에 따라...",https://www.thebilliards.kr/news/articleView.html?idxno=30143,https://www.thebilliards.kr/news/articleView.html?idxno=30143,"Thu, 05 Mar 2026 16:50:00 +0900"
한남동,"소형 주점 운영, 동네 상권에서 무엇이 통하나… 한남동그집 전략 분석","소형 주점 브랜드 한남동그집은 이러한 흐름 속에서 동네 상권 기반 운영 모델로 관심을 받고 있다. 외식업계에 따르면 메인 상권은 높은 유동 인구를 확보할 수 있는 대신, 임대료와 인건비 부담이 크고 매출 변동성 또한...",https://dhnews.co.kr/news/view/1065579795509960,https://dhnews.co.kr/news/view/1065579795509960,"Mon, 23 Feb 2026 11:24:00 +0900"
연남동,프리미엄 다이닝바 로위즘 더블랙 정식 오픈...연남동에 새로운 바람,"강화해 특별한 날을 위한 선택지로 자리매김하겠다""고 밝혔다. 한편, 소규모 외식 브랜드가 밀집한 연남동 상권에서 '로위즘 더블랙'의 등장과 같은 프리미엄 콘셉트 매장들의 확산이 이어질지 업계의 관심이 모이고 있다.",https://www.cbci.co.kr/news/articleView.html?idxno=555913,https://www.cbci.co.kr/news/articleView.html?idxno=555913,"Fri, 13 Feb 2026 23:02:00 +0900"
연남동,[현장] 신촌·이대 상권의 몰락…청춘놀이터에서 ‘공실지옥·폐업대기...,"그러나 2010년대 중반부터 가파른 임대료 상승, 홍대·연남동 등 인근 상권의 급부상, ‘차 없는 거리’ 정책... 이 때문에 외식업계에서는 정부 지원책의 공백이 여전히 크다는 지적을 내놓고 있다. 현재 진행 중인 제도는...",https://www.dailian.co.kr/news/view/1608424/?sc=Naver,https://n.news.naver.com/mnews/article/119/0003057961?sid=101,"Tue, 10 Feb 2026 07:00:00 +0900"
한남동,"한남동그집, 주부 창업 아이템으로 주목","주부 창업 시장에서 '전일 상주'가 아닌, 시간대 분리 운영이 가능한 외식 브랜드가 주목받고 있다. 낮과 저녁... 한남동그집은 유동 인구 중심 상권보다 생활권 중심의 동네 상권을 우선적으로 검토한다. 가족, 지인, 연인...",https://www.job-post.co.kr/news/articleView.html?idxno=206334,https://www.job-post.co.kr/news/articleView.html?idxno=206334,"Fri, 06 Feb 2026 14:58:00 +0900"
성수동,"서태경 前 청와대 행정관 ""사상을 부산의 '성수동'으로""","거창한 이념 투쟁이 아니라, 내 통장에 도움이 되고 내 자식과 외식 한 번 더 할 수 있게 만드는 것, 그게 바로... 그는 청와대와 국회에서 쌓은 경험을 바탕으로 낡은 공단 이미지의 사상을 서울 성수동처럼 '힙'(Hip)한 문화와...",https://www.news1.kr/local/busan-gyeongnam/6057027,https://n.news.naver.com/mnews/article/421/0008745168?sid=102,"Fri, 30 Jan 2026 16:17:00 +0900"
여의도동,"'두쫀쿠 열풍'의 명과 암… 이름도, 레시피도 '주인'이 없다",""" 직장인 최승훈(가명·37)씨 22일 오전 10시 30분 서울 영등포구 여의도동에 위치한 백화점 '더현대 서울' 지하... 이 와중에 '골목상권 침해' 논란도 일고 있다. '원재료 확보'와 '대량 생산'이 수월한 편의점 업계와 대형...",https://www.hankookilbo.com/News/Read/A2026012214030001007?did=NA,https://n.news.naver.com/mnews/article/469/0000910775?sid=102,"Sun, 25 Jan 2026 07:00:00 +0900"
성수동,일식에 빠진 韓… 국내 日주류 수입 늘고 외식업계 진출 러시,주요 상권에 매장 5곳을 열었다. 현재 도쿄 내 운영 매장이 10여 개인 점을 고려하면 한국 시장 출점에 속도를 내는 중이다. 일본 3대 도넛으로 꼽히는 아임도넛도 지난해 5월 미국에 이어 두 번째 해외 매장을 성수동에...,http://www.fnnews.com/news/202601221801337603,https://n.news.naver.com/mnews/article/014/0005466988?sid=101,"Thu, 22 Jan 2026 18:02:00 +0900"
한남동,창업 비용 실전 분석 사례로 본 한남동그집,"외식업 창업을 준비하는 예비 창업자들 사이에서 '얼마를 버느냐'보다 '어디서 비용이 새는가'에 대한 관심이... 한남동그집은 생활권 중심의 동네 상권을 주요 입지로 삼아, 지인·가족·연인 단위의 반복 방문을 유도하는...",https://www.ziksir.com/news/articleView.html?idxno=120897,https://www.ziksir.com/news/articleView.html?idxno=120897,"Thu, 22 Jan 2026 11:28:00 +0900"
한남동,"한남동그집, 퇴직자 창업 대안으로 재조명되는 소형 주점 모델","고정비 부담이 커진 외식업 환경 속에서 퇴직 이후의 창업을 고민하는 중장년층 사이에서 소형 주점 모델이... 상권 전략에서도 차별화가 보인다. 한남동그집은 유동 인구가 많은 메인 상권보다, 생활권 중심의 동네 상권을...",https://www.ksilbo.co.kr/news/articleView.html?idxno=1046188,https://www.ksilbo.co.kr/news/articleView.html?idxno=1046188,"Thu, 08 Jan 2026 09:50:00 +0900"
성수동,[기자수첩] 상권 살려놨더니 부동산 업자들이 '꿀꺽'…임대료 갑질에 울...,상권이 살아났다는 신호와 동시에 임대료 인상이라는 경고등이 켜지기 때문이다. 서울 성동구 성수동 거리. 주말 오후에 많은 인파가 몰려 있다. [사진=서영광 기자] 실제로 외식·패션·뷰티 브랜드들이 공간을 채우고...,https://www.greened.kr/news/articleView.html?idxno=335102,https://www.greened.kr/news/articleView.html?idxno=335102,"Mon, 05 Jan 2026 09:23:00 +0900"
연남동,연말 외식 핫플… ‘성수·마곡’ 뜨고 ‘이태원’ 지고,"반면 연남동은 경의선 숲길을 중심으로 한 골목 상권이 자리 잡았고, 성수동2가는 업무지구 성격에 트렌디한 맛집·카페와 팝업스토어가 결합되며 젊은 층 외식 수요를 흡수한 것으로 분석됐다. 마곡동의 부상은 30...",https://www.seoul.co.kr/news/economy/2025/12/31/20251231020004?wlog_tag3=naver,https://n.news.naver.com/mnews/article/081/0003605182?sid=101,"Wed, 31 Dec 2025 05:04:00 +0900"
성수동,연말 외식 핫플… ‘성수·마곡’ 뜨고 ‘이태원’ 지고,"반면 연남동은 경의선 숲길을 중심으로 한 골목 상권이 자리 잡았고, 성수동2가는 업무지구 성격에 트렌디한 맛집·카페와 팝업스토어가 결합되며 젊은 층 외식 수요를 흡수한 것으로 분석됐다. 마곡동의 부상은 30...",https://www.seoul.co.kr/news/economy/2025/12/31/20251231020004?wlog_tag3=naver,https://n.news.naver.com/mnews/article/081/0003605182?sid=101,"Wed, 31 Dec 2025 05:04:00 +0900"
연남동,"크리스마스 외식 상권 지형도 변화… 홍대·신사 독주 끝, 성수·마곡 합...","반면 연남동은 경의선 숲길을 중심으로 한 골목 상권이 자리 잡았고, 성수동2가는 업무지구 성격에 트렌디한 맛집·카페와 팝업스토어가 결합되며 젊은 층 외식 수요를 흡수한 것으로 분석됐다. 마곡동의 부상은 30...",https://www.seoul.co.kr/news/economy/finance/2025/12/30/20251230500241?wlog_tag3=naver,https://n.news.naver.com/mnews/article/081/0003605110?sid=101,"Tue, 30 Dec 2025 18:08:00 +0900"
성수동,"크리스마스 외식 상권 지형도 변화… 홍대·신사 독주 끝, 성수·마곡 합...","반면 연남동은 경의선 숲길을 중심으로 한 골목 상권이 자리 잡았고, 성수동2가는 업무지구 성격에 트렌디한 맛집·카페와 팝업스토어가 결합되며 젊은 층 외식 수요를 흡수한 것으로 분석됐다. 마곡동의 부상은 30...",https://www.seoul.co.kr/news/economy/finance/2025/12/30/20251230500241?wlog_tag3=naver,https://n.news.naver.com/mnews/article/081/0003605110?sid=101,"Tue, 30 Dec 2025 18:08:00 +0900"
성수동,"세종사이버대 외식창업프랜차이즈학과, 예비 창업주 양성...2026학년도 신...","성수동이나 강남에서는 '젊은 사장님'도 쉽게 찾을 수 있다. 최근에는 창의적인 창업 마인드와 SNS에... 우선 외식창업전공은 고객을 사로잡는 컨셉 개발, 매출을 올리는 외식 서비스 마케팅, 상권별 입지 전략, 외식...",https://www.job-post.co.kr/news/articleView.html?idxno=197697,https://www.job-post.co.kr/news/articleView.html?idxno=197697,"Mon, 22 Dec 2025 09:20:00 +0900"
성수동,[르포] 외식업계 첫 전시형 팝업 '하우스 오브 애슐리' 가보니,외식업계에서는 보기 드문 전시·스토리·식음 콘텐츠 복합형 모델로 구성돼 있다. 19일 애슐리퀸즈가 브랜드 최초의 전시형 팝업 '하우스 오브 애슐리(House of Ashley)'를 성수동에서 선보였다. 팝업스토어는 오는 20일부터...,https://www.newspim.com/news/view/20251219001000,https://www.newspim.com/news/view/20251219001000,"Fri, 19 Dec 2025 18:32:00 +0900"
성수동,"외식 불황 비켜간 이랜드이츠, 캐시카우 '애슐리퀸즈'에 거는 기대","이랜드이츠 관계자는 ""성수동은 2030 소비자들이 가장 많이 모이는 상권 중 하나로, 애슐리퀸즈의 실험적인... 최근 외식업종은 경기 불황으로 내수 침체 현상이 장기간 이어져 실적 타격을 입고 있다. 그러나...",https://www.sisajournal-e.com/news/articleView.html?idxno=417959,https://www.sisajournal-e.com/news/articleView.html?idxno=417959,"Fri, 19 Dec 2025 16:06:00 +0900"
한남동,"수제 안주 원칙과 표준 레시피, 한남동그집이 만든 단골 구조","외식업계가 효율을 앞세운 팩(완제품·세미가공) 조리로 이동하는 가운데, 한남동그집은 수제 안주 중심의... 유동 인구가 많은 상권을 전제로 한 대규모 광고보다, 지인·가족·연인 단위의 반복 방문을 설계해 단골 기반을...",https://dhnews.co.kr/news/view/1065597822499586,https://dhnews.co.kr/news/view/1065597822499586,"Tue, 09 Dec 2025 16:28:00 +0900"
한남동,"한남동그집,15년 로컬 데이터가 말하는 완만한 스케일업 전략",장기간의 리뷰·재방문·체류 시간 변화가 외식 브랜드의 체력을 가른다는 분석이 나온다. 한남동 골목에서... 계절과 상권 리듬에 맞춘 가벼운 교체로 신선도를 유지한다. 이 과정에서 작업 시간과 원·부자재 사용량의...,https://www.ziksir.com/news/articleView.html?idxno=114365,https://www.ziksir.com/news/articleView.html?idxno=114365,"Fri, 28 Nov 2025 16:06:00 +0900"
성수동,성수동서 먹고 놀자..29CM·삼양식품·이마트24 팝업·플래그십 문 열어,애슐리퀸즈가 MZ세대를 포함한 젊은 고객층 확대 전략의 일환으로 성수 상권에 본격 진출하기 전 소비자들을 만나는 자리다. 이마트24는 플래그십 스토어 트랜드랩 성수점을 열고 성수동을 찾는 이들의 수요를 지속...,http://kpenews.com/View.aspx?No=3872176,http://kpenews.com/View.aspx?No=3872176,"Fri, 28 Nov 2025 08:52:00 +0900"
성수동,외식창업 교육하는 '프렙 아카데미' 성수 이어 공덕에도 개관,"외식업 창업 전문교육 프로그램인 '프렙 아카데미'가 서울 성동구 성수동에 이어 마포구 공덕동에도... 특강은 상권 분석, 손익 구조 이해, 마케팅 전략 등 외식 창업에 필요한 실무 중심 강좌로 구성되며 외식업계...",https://www.yna.co.kr/view/AKR20251126049500004?input=1195m,https://n.news.naver.com/mnews/article/001/0015762866?sid=102,"Wed, 26 Nov 2025 11:15:00 +0900"
성수동,"애슐리퀸즈, 성수동서 브랜드 최초 '전시형 팝업' 개최",서울 성수동에서 브랜드 첫 팝업 스토어 '하우스 오브 애슐리'를 개최한다고 25일 밝혔다. 이번 팝업은 단순한 메뉴 체험을 넘어 브랜드의 세계관과 헤리티지를 공간으로 구현한 전시형 팝업이라는 점에서 외식업계의...,http://www.lawissue.co.kr/view.php?ud=202511252054096161204ead0791_12,http://www.lawissue.co.kr/view.php?ud=202511252054096161204ead0791_12,"Tue, 25 Nov 2025 21:00:00 +0900"
성수동,"이랜드이츠 애슐리퀸즈, 성수동 첫 팝업 스토어 오픈","서울 성수동에서 브랜드 첫 팝업 스토어 '하우스 오브 애슐리'를 연다. 이번 팝업은 단순한 메뉴 체험을 넘어 브랜드 세계관과 스토리, 헤리티지를 공간으로 구현한 외식업계의 전시형 팝업으로 눈길을 끌 전망이다....",http://www.ttlnews.com/news/articleView.html?idxno=3053335,http://www.ttlnews.com/news/articleView.html?idxno=3053335,"Tue, 25 Nov 2025 14:44:00 +0900"
성수동,"애슐리퀸즈, 성수동서 첫 브랜드 팝업 연다","애슐리퀸즈는 오는 12월20일부터 내년 1월25일까지 서울 성수동에서 첫 팝업 스토어를 운영한다고 25일... 팝업 장소는 2026년 3월 오픈 예정인 ‘애슐리퀸즈 성수점’ 부지로, 젊은 고객층 확대 전략에 따라 성수 상권에 본격...",https://www.thepowernews.co.kr/view.php?ud=202511251336529240de3f0aa1be_7,https://www.thepowernews.co.kr/view.php?ud=202511251336529240de3f0aa1be_7,"Tue, 25 Nov 2025 13:38:00 +0900"
성수동,"이랜드이츠 애슐리퀸즈, 성수동서 '하우스 오브 애슐리' 팝업 오픈","전시형 외식 공간이다. 팝업은 2026년 3월 오픈 예정인 '애슐리퀸즈 성수점' 부지에서 진행되며, MZ세대를 포함한 젊은 고객층 확보 전략의 일환으로 성수 상권 진출 의미를 갖는다. 브랜드 리뉴얼과 고객 확장 전략을...",http://www.newsdream.kr/news/articleView.html?idxno=101167,http://www.newsdream.kr/news/articleView.html?idxno=101167,"Tue, 25 Nov 2025 10:04:00 +0900"
성수동,"이랜드이츠, 성수동에 하우스 오브 애슐리 팝업..스페셜 메뉴·디저트뷔...",구현한 외식업계의 도전적인 전시형 팝업으로 소비자들을 만난다.이랜드이츠는 애슐리퀸즈가 오는 12월 20일부터 1월 25일까지 서울 성수동에서 브랜드 첫 팝업스토어를 연다고 25일 밝혔다. 이번 팝업은 2026년 3월 오픈...,http://kpenews.com/View.aspx?No=3867195,http://kpenews.com/View.aspx?No=3867195,"Tue, 25 Nov 2025 09:46:00 +0900"
연남동,저렴하게 즐기는 파인다이닝…외식업 뒤흔드는 ‘작은 접시 혁명’ [똑...,최근 외식업의 메뉴 전략은 ‘양 보다 경험’으로 이동하고 있다. 한 번의 식사에서 여러 가지 맛을 즐기고... 서울 연남동과 한남동의 모던 다이닝 레스토랑들은 ‘스몰플레이트’를 기본 구조로 메뉴를 설계한다. 한...,https://www.mk.co.kr/article/11468240,https://n.news.naver.com/mnews/article/009/0005593855?sid=101,"Fri, 21 Nov 2025 08:41:00 +0900"
한남동,저렴하게 즐기는 파인다이닝…외식업 뒤흔드는 ‘작은 접시 혁명’ [똑...,최근 외식업의 메뉴 전략은 ‘양 보다 경험’으로 이동하고 있다. 한 번의 식사에서 여러 가지 맛을 즐기고... 서울 연남동과 한남동의 모던 다이닝 레스토랑들은 ‘스몰플레이트’를 기본 구조로 메뉴를 설계한다. 한...,https://www.mk.co.kr/article/11468240,https://n.news.naver.com/mnews/article/009/0005593855?sid=101,"Fri, 21 Nov 2025 08:41:00 +0900"
한남동,"한남동그집, 동네 상권에서 통하는 15평 주점 운영법 제시","최근 외식업계에서 간편 조리 흐름이 확대되는 가운데, 한남동그집은 수제 원칙을 유지하면서도 조리 동선을... 유동 인구가 많은 상권을 전제로 한 대규모 광고보다, 지인·가족·연인 단위의 반복 방문을 설계해 단골을...",https://www.job-post.co.kr/news/articleView.html?idxno=189106,https://www.job-post.co.kr/news/articleView.html?idxno=189106,"Thu, 13 Nov 2025 09:00:00 +0900"
망원동,크로아상 닮은 생소한 버거… “화려함 빼고 기본에 충실” [김동기 셰...,"홍대에서 합정으로, 합정에서 상수, 다시 망원동으로 바뀌는 상권은 외식업에 몸담고 있는 사람으로서도 따라가기 참 힘들다. 예전엔 이 멋진 홍대에 작은 비스트로 하나 차리는 것이 꿈이었던 적도 있었다. 비어있는...",https://www.segye.com/newsView/20251103519279?OutUrl=naver,https://n.news.naver.com/mnews/article/022/0004081187?sid=103,"Sat, 08 Nov 2025 20:26:00 +0900"
성수동,서울 디저트 산업 10년 새 2배 확대...'탈상권화' 확산세 뚜렷,"띄며, 성수동은 힙스터 문화의 중심지로 '디저트 핫플레이스'로 부상하고 있다. 김 연구위원은 최근 서울 디저트 산업의 특징으로 '속산속사(速産速死)'와 '탈상권화'를 꼽았다. 팝업스토어가 백화점마다 등장할...",https://www.thepublic.kr/news/articleView.html?idxno=281817,https://www.thepublic.kr/news/articleView.html?idxno=281817,"Fri, 31 Oct 2025 12:30:00 +0900"
성수동,"“밥값이 하도 뛰니, 이쪽이 저렴해 보이네”…가성비 외식으로 뜨는 ‘...",대학 상권 수요를 흡수하면서 개점 4개월 만에 매출 1위 지점으로 등극했다. 이랜드이츠 관계자는 “내년에 서울 최대 핫 플레이스인 서울 성수동에 이랜드이츠 성수점을 연다”며 “트렌디한 복합몰 내에 입점할...,https://www.mk.co.kr/article/11449901,https://n.news.naver.com/mnews/article/009/0005578220?sid=103,"Fri, 24 Oct 2025 06:07:00 +0900"
성수동,패밀리레스토랑 '가성비 외식'으로 부활,"대학 상권 수요를 흡수하면서 개점 4개월 만에 매출 1위 지점으로 등극했다. 이랜드이츠 관계자는 ""내년에 서울 최대 핫플레이스인 서울 성수동에 애슐리퀸즈 성수점을 연다""고 말했다. 빕스도 오랜 부진을 털고...",https://www.mk.co.kr/article/11449562,https://n.news.naver.com/mnews/article/009/0005577982?sid=103,"Thu, 23 Oct 2025 17:35:00 +0900"
여의도동,미쉐린 오른 식당부터 뉴욕 최고 스테이크까지… 광화문 新 미식 대전,"9900만원으로 여의도동 평균 7450만원보다 높았다. 호갱노노는 각 기업 본사 소재지 기준 국민연금 납부... 한 외식업 관계자는 “광화문에선 ‘낮엔 자기 카드, 밤엔 법인 카드’란 말이 있다”며 “이런 특성 때문에...",https://www.chosun.com/national/weekend/2025/09/13/Y7GYGQKP2BDLPDDSTZCC2HIQVY/?utm_source=naver&utm_medium=referral&utm_campaign=naver-news,https://n.news.naver.com/mnews/article/023/0003928920?sid=102,"Sat, 13 Sep 2025 00:41:00 +0900"
성수동,[단독] 냉면 팔아 성수동 건물주된 '육쌈냉면'…1년 만에 27억 벌어,궁합이 좋은 냉면과 숯불갈비를 세트로 팔면서 외식업계에서 한식 냉면 프랜차이즈 선두기업이 된... 이번에 주식회사육쌈이 매각한 건물은 성수동 상권에서 핵심 입지란 평가를 받는다. 1970년 준공해 1985년...,https://realty.chosun.com/site/data/html_dir/2025/09/04/2025090402322.html,https://realty.chosun.com/site/data/html_dir/2025/09/04/2025090402322.html,"Thu, 04 Sep 2025 14:02:00 +0900"
한남동,"포차창업 신흥 강자, 한남동그집 15평 소형 매장 주목","이러한 흐름 속에서 외식 프랜차이즈 브랜드 한남동그집은 15평 내외 소형 매장 기반의 포차창업 모델을... 한편, 현재 한남동그집은 수도권 주요 상권 중심으로 가맹점을 빠르게 확대하고 있으며, 올해 하반기에는 전국...",http://www.ujeil.com/news/articleView.html?idxno=372716,http://www.ujeil.com/news/articleView.html?idxno=372716,"Wed, 27 Aug 2025 17:26:00 +0900"
한남동,"불황기 돌파구는 소자본창업, '한남동그집' 소규모술집 모델 주목","이러한 흐름 속에서 외식 프랜차이즈 브랜드 한남동그집은 15평 내외의 소형 매장 기반으로 한 소규모창업... 한편, 현재 한남동그집은 수도권 주요 상권을 중심으로 빠르게 가맹점을 확장 중이며, 올해 하반기에는 전국...",http://www.ujeil.com/news/articleView.html?idxno=372227,http://www.ujeil.com/news/articleView.html?idxno=372227,"Wed, 20 Aug 2025 09:00:00 +0900"
한남동,[단독] 외식업 핵심 상권 철수 잇따라…라그릴리아 광화문점 문닫는다,"한화푸드테크의 외식 브랜드 '파스타X'는 지난해 4월 서울 한남동에 문을 연 지 1년 만에 폐점했고, 올해... 이처럼 외식기업들이 핵심 상권 매장에서 철수하는 건 효율성 강화와 내실 경영을 위한 재편 전략으로...",http://www.yonhapnewstv.co.kr/AKR20250814090730878,https://n.news.naver.com/mnews/article/422/0000770524?sid=101,"Thu, 14 Aug 2025 09:08:00 +0900"
연남동,"2035세대 ‘홍대·합정’, 60대 ‘반포’ 삼성카드, 청년·시니어 소비리...","업종별로 살펴보면, 맛집과 카페가 밀집된 골목 상권인 ‘마포구 연남동’은 높은 외식 소비지수(0.64)를 보여 2035세대의 입맛을 사로잡은 인기명소로 나타났다. 대형 복합쇼핑몰이 들어선 ‘영등포구 여의동’은...",https://biz.heraldcorp.com/article/10541183?ref=naver,https://n.news.naver.com/mnews/article/016/0002505972?sid=101,"Mon, 28 Jul 2025 11:22:00 +0900"
연남동,"20~35세 ‘홍대·합정’, 60대 ‘반포’에서 지갑 열었다 [머니뭐니]","업종별로 살펴보면, 맛집과 카페가 밀집된 골목 상권인 ‘마포구 연남동’은 높은 외식 소비지수(0.64)를 보여 2035세대의 입맛을 사로잡은 인기명소로 나타났다. 대형 복합쇼핑몰이 들어선 ‘영등포구 여의동’은...",https://biz.heraldcorp.com/article/10540277?ref=naver,https://n.news.naver.com/mnews/article/016/0002505351?sid=101,"Sat, 26 Jul 2025 08:56:00 +0900"
여의도동,"20~35세 ‘홍대·합정’, 60대 ‘반포’에서 지갑 열었다 [머니뭐니]","삼성카드 ‘세대별 청년, 시니어 소비리포트’ 2035 서교동·연남동·여의도동에서 60대 이상 반포4동... 2035세대는 외식·여가 중심의 골목상권인 홍대·합정이 있는 ‘서교동’을, 60대 이상은 생활밀착형 소비가...",https://biz.heraldcorp.com/article/10540277?ref=naver,https://n.news.naver.com/mnews/article/016/0002505351?sid=101,"Sat, 26 Jul 2025 08:56:00 +0900"
한남동,"불황기 돌파구는 소형 술집? 한남동그집, 남자소자본창업 모델로 주목","이런 가운데, 외식 프랜차이즈 브랜드 '한남동그집'이 15평 내외의 소규모술집창업 모델을 앞세워 남성 예비... 이러한 운영 시스템은 복잡한 도심 상권은 물론, 주택가, 소도시, 유동인구가 적은 지역까지 유연하게 적용...",http://www.ujeil.com/news/articleView.html?idxno=370041,http://www.ujeil.com/news/articleView.html?idxno=370041,"Thu, 10 Jul 2025 09:00:00 +0900"
한남동,"불황 뚫는 '한남동그집', 15평 소규모 창업 모델로 창업 시장 새 지평 열...","도심 상권뿐만 아니라 주거 밀집 지역, 소도시 등 다양한 입지에서도 유연하게 적용될 수 있어, 틈새시장 공략에도 유리하다. '한남동그집'의 성공은 단순히 소규모 모델에만 있지 않다. 빠르게 변화하는 외식 트렌드를...",https://dhnews.co.kr/news/view/1065574943933170,https://dhnews.co.kr/news/view/1065574943933170,"Mon, 07 Jul 2025 10:06:00 +0900"
한남동,"소자본 창업 '한남동그집', 15평 소형 모델로 성장세 이어가","상권뿐만 아니라 주거 밀집 지역, 소도시 등 틈새 입지에서도 효율적인 운영을 가능하게 하고 있다. '한남동... 관계자는 ""고정비 부담이 큰 외식업 환경에서 소형 매장 운영 모델은 생존력을 높이는 효과적인 대안이 되고...",https://www.ksilbo.co.kr/news/articleView.html?idxno=1031081,https://www.ksilbo.co.kr/news/articleView.html?idxno=1031081,"Thu, 03 Jul 2025 13:06:00 +0900"
한남동,"술집 창업 브랜드 '한남동그집', 소형 매장으로 불황 돌파, MZ세대 공략...","초기 비용 절감과 효율적인 운영 시스템 술집창업 브랜드 '한남동그집'의 소형 매장 모델은 초기 개설 비용과 유지비를 절감하는 데 초점을 맞췄습니다. 임대료와 인테리어 비용을 줄일 수 있을 뿐만 아니라, 철저한 상권...",https://www.ksilbo.co.kr/news/articleView.html?idxno=1030511,https://www.ksilbo.co.kr/news/articleView.html?idxno=1030511,"Thu, 26 Jun 2025 16:12:00 +0900"
한남동,"치킨 튀기고 패티 굽고…외식업계, 인건비 부담에 로봇 도입 ‘속속’","외식업계가 인건비 상승과 구인난, 서비스 품질 표준화 요구 등으로 고민하는 가운데 로봇을 통한... 작년 4월에는 서울 용산구 한남동에 조리 로봇을 도입한 실험 매장 ‘파스타 X(Pasta X)’를 열었다. 치킨업계 “로봇...",https://economist.co.kr/article/view/ecn202506040073,https://n.news.naver.com/mnews/article/243/0000079171?sid=101,"Sat, 07 Jun 2025 09:01:00 +0900"
한남동,한남동의 새로운 랜드마크: ‘스미스 앤 월렌스키’의 프리미엄 공간 기...,"특징은 한남동을 '고소득 커뮤니티 기반의 프라이빗 상권'으로 진화시키고 있으며, 스미스 앤 월렌스키의... 결론적으로, 스미스 앤 월렌스키 서울점의 탄생은 단순한 외식업 진출이 아닙니다. 이는 한남동의...",https://www.hankyung.com/article/202505278477O,https://n.news.naver.com/mnews/article/015/0005137109?sid=101,"Tue, 27 May 2025 14:31:00 +0900"
한남동,‘이태원 참사’ 2년 6개월 후…투자자들 관심 몰린 상권,"및 한남동 상권 공실률은 작년 4분기 기준 10.5%로, 전분기인 작년 3분기 공실률(13%)보다 2.5%포인트(p)... 특히 꼼데가르송길 등 주요 상권에는 외식업 매출이 연평균 15% 증가하는 등 활발한 성장세가 이어지고 있다....",http://www.edaily.co.kr/news/newspath.asp?newsid=02345206642166296,https://n.news.naver.com/mnews/article/018/0006006268?sid=101,"Tue, 06 May 2025 12:10:00 +0900"
연남동,"경기 침체 속에서도 빛났다… 마포구 상권, 활력의 바람 분다",△레드로드 △합정동 하늘길 △연남동 끼리끼리길 등 지역별 테마거리를 조성하여 유동인구를 유입하고... 홍대 상권은 신한카드 빅데이터 연구소 조사에서 주말 20대가 가장 많이 찾는 외식 지역으로 선정되었다....,http://www.shinailbo.co.kr/news/articleView.html?idxno=1988957,http://www.shinailbo.co.kr/news/articleView.html?idxno=1988957,"Wed, 08 Jan 2025 10:26:00 +0900"
연남동,"경기 침체 속에서도 빛났다! 마포구 상권, 활력의 바람",맞춤형 상권 활성화 정책을 추진하고 있다. ▲레드로드 ▲합정동 하늘길 ▲연남동 끼리끼리길 등 지역별... 홍대 상권은 신한카드 빅데이터 연구소 조사에서 주말 20대가 가장 많이 찾는 외식 지역으로 선정되었다....,https://weekly.cnbnews.com/news/article.html?no=167336,https://weekly.cnbnews.com/news/article.html?no=167336,"Wed, 08 Jan 2025 09:28:00 +0900"
연남동,경기 침체 속에서도 빛났다!... 마포구 상권 활력 바람 분다,"▲레드로드 ▲합정동 하늘길 ▲연남동 끼리끼리길 등 지역별 테마거리를 조성하여 유동인구를 유입, 각... 홍대 상권은 신한카드 빅데이터 연구소 조사에서 주말 20대가 가장 많이 찾는 외식 지역으로 선정되었다. 구는...",https://view.asiae.co.kr/article/2025010806493783953,https://n.news.naver.com/mnews/article/277/0005529194?sid=102,"Wed, 08 Jan 2025 06:51:00 +0900"
여의도동,"12월 외식업 매출 9% 급락, 여의도만 10%↑… “때아닌 특수”?",중심으로 상권이 발달했다. 그러나 내수 침체 위기로 폐업이 속출하면서 올해 역대급 위기 분위기다. 행정안전부 지방행정인허가 데이터개방에 따르면 올해 폐업한 여의도동 소재 외식업 점포 수는 377곳으로 역대 최다...,https://www.kmib.co.kr/article/view.asp?arcid=0021142093&code=61141611&cp=nv,https://n.news.naver.com/mnews/article/005/0001745790?sid=101,"Sat, 14 Dec 2024 05:01:00 +0900"
여의도동,'핫팩·커피 불티' vs '식당 예약 취소'…희비 엇갈린 여의도 [현장+],중심으로 상권이 발달한 특징이 있다. 그러나 내수 침체 위기로 폐업이 속출하면서 올해 역대급 위기 분위기다. 행정안전부 지방행정인허가 데이터개방에 따르면 올해 폐업한 여의도동 소재 외식(일반+휴게 음식점)업...,https://www.hankyung.com/article/2024120945497,https://n.news.naver.com/mnews/article/015/0005067915?sid=101,"Mon, 09 Dec 2024 20:33:00 +0900"
망원동,"대표 상권 앓는 동안… 리단길, 팬데믹은 이겼다 [빅데이터로 본 인천 ...",상권은 각종 자격증과 어학 교육을 하는 학원이 대거 문을 닫으면서 수강생들을 주 고객층으로 하는 외식업... 궐리단길에서 카페를 운영하는 유영진(32)씨는 “궐리단길의 현재 권리금은 3년 전 망원동 카페거리...,http://www.kyeongin.com/main/view.php?key=20241028020593584,http://www.kyeongin.com/main/view.php?key=20241028020593584,"Mon, 28 Oct 2024 21:26:00 +0900"
한남동,[매경TV 핫플레이스] 연령별 상권 분석...60대 이상 시니어는 오프라인...,"시니어의 외식 지출에서 한식이 중요한 비중을 차지하고 있는 것입니다. 의류는 2개 상권에서 1위를 차지했습니다. 교대ㆍ강남에서는 32.3%만큼, 한남동ㆍ이태원에서는 6.0%만큼 매출액 비중이 더 컸습니다....",http://mbnmoney.mbn.co.kr/news/view?news_no=MM1005358865,http://mbnmoney.mbn.co.kr/news/view?news_no=MM1005358865,"Mon, 07 Oct 2024 14:54:00 +0900"
연남동,"[인터뷰] 박강수 마포구청장 ""끝없는 변화로 신촌·이대 상권에 KO 승""","'홍대 레드로드'를 비롯해 '합정동 하늘길', '연남동 끼리끼리길'이 이렇게 만들어졌다. 네이밍 아이디어는 박... 주말에 외식을 위해 가장 많이 찾는 지역에 홍대·합정 상권이 1위로 꼽히기도 했다."" – '합정동 하늘길' 등...",http://www.inews24.com/view/1765919,https://n.news.naver.com/mnews/article/031/0000872005?sid=100,"Thu, 26 Sep 2024 07:01:00 +0900"
한남동,‘공실률 제로’ 한남동…상권별 소비층 차이 뚜렷,한남동 상권의 최근 1년간(2023년 5월~2024년 4월) 업종별 월매출 비중을 살펴보면 평균적으로 약 60%대 비중을 차지하는 외식업이 강세다. 15~25%대 매출 비중을 차지하고 있는 소매 업종은 부촌에 위치한 상권 특징을...,https://magazine.hankyung.com/money/article/202406134311c,https://magazine.hankyung.com/money/article/202406134311c,"Tue, 02 Jul 2024 10:38:00 +0900"
연남동,레드로드·하늘길 골목상권 활짝… 도화·상암으로 ‘특화거리’ 늘린다...,"신한카드 빅데이터 연구소 조사 결과, 지난해 20대가 주말에 외식을 위해 자주 찾았던 지역으로 홍대, 합정... 홍대 상권에서 확장되고 있는 연남동 상권을 더욱 활성화하기 위해 홍대입구역부터 경의선숲길을 잇는 1.7...",https://www.munhwa.com/news/view.html?no=2024061801032627099001,https://n.news.naver.com/mnews/article/021/0002643544?sid=102,"Tue, 18 Jun 2024 09:06:00 +0900"
망원동,레드로드·하늘길 골목상권 활짝… 도화·상암으로 ‘특화거리’ 늘린다...,"신한카드 빅데이터 연구소 조사 결과, 지난해 20대가 주말에 외식을 위해 자주 찾았던 지역으로 홍대, 합정... 구는 특화거리가 골목상권 활성화에 기여가 큰 만큼 도화동, 용강동, 상암동, 망원동 등에도 지역 내 상권을...",https://www.munhwa.com/news/view.html?no=2024061801032627099001,https://n.news.naver.com/mnews/article/021/0002643544?sid=102,"Tue, 18 Jun 2024 09:06:00 +0900"
망원동,"""성수보다 합정?"" 20대부터 넥타이부대까지 다 잡은 마포 상권[마포구의...",상수 상권 중심의 마포구가 2023년 20대가 주말 외식을 위해 자주 찾는 지역 1위를 차지했다. 2위는 서울... 서교동이 아닌 합정동과 망원동 상권은 여전히 ‘마포’의 감성을 유지하고 있다. 골목 골목을 따라 조성된 특색...,https://magazine.hankyung.com/business/article/202406133833b,https://n.news.naver.com/mnews/article/050/0000076350?sid=101,"Mon, 17 Jun 2024 07:01:00 +0900"
한남동,"""성수보다 합정?"" 20대부터 넥타이부대까지 다 잡은 마포 상권[마포구의...","주말 외식을 위해 자주 찾는 지역 1위를 차지했다. 2위는 서울 강남구, 3위는 서울 종로구였다. 성수동, 한남동, 용리단길이 떴다지만 서울 상권의 전통 강자였던 마포는 여전히 힘을 잃지 않았다. 같은 조사에서 2019년과...",https://magazine.hankyung.com/business/article/202406133833b,https://n.news.naver.com/mnews/article/050/0000076350?sid=101,"Mon, 17 Jun 2024 07:01:00 +0900"
연남동,"""성수보다 합정?"" 20대부터 넥타이부대까지 다 잡은 마포 상권[마포구의...","이후에는 연남동이 바통을 이어받았고 공덕 재개발 이후 조성된 경의선 숲길을 따라 공덕역, 대흥역 상권도... 상수 상권 중심의 마포구가 2023년 20대가 주말 외식을 위해 자주 찾는 지역 1위를 차지했다. 2위는 서울...",https://magazine.hankyung.com/business/article/202406133833b,https://n.news.naver.com/mnews/article/050/0000076350?sid=101,"Mon, 17 Jun 2024 07:01:00 +0900"
한남동,계속된 경기불황에…'간판갈이' 나선 외식 상권들,"아주경제=기수정 기자 violet1701@ajunews.com 계속되는 경기 불황에 서울 주요 외식 상권들이 '간판갈이'에... MZ들의 유입률이 한남동과 성수, 도산대로 등 신흥 지역으로 확산하면서 전통 상권으로 분류되는 강남 상권도...",https://www.ajunews.com/view/20240612200003704,https://www.ajunews.com/view/20240612200003704,"Wed, 12 Jun 2024 20:24:00 +0900"
한남동,"호박패밀리 김치헌 대표 ""단체급식 및 공간사업 강화해 글로벌 종합외식...",-한남동에서 처음 외식업을 시작하게 된 이유가 있나. ▶2009년 창업한 호박식당은 매일 줄을 섰다. 2013년... 한와담은 2013년 한남동에서 시작했다. 한남동은 당시에 상권이 좋지 못했다. 반면 한남대교 바로 건너 신사동은...,http://news.mt.co.kr/mtview.php?no=2024053014185627573,https://n.news.naver.com/mnews/article/008/0005045384?sid=101,"Fri, 31 May 2024 18:16:00 +0900"
망원동,요즘 20대들이 찾는 ‘핫플’은 망원동·연남동… 과거엔 명동·남산,"5년전에는 20대들이 을지로, 명동, 남산 등 중구에서 외식을 했다면 이제는 망원동과 연남동 상권이 있는 마포구로 옮겨 가고 있는 것으로 나타났다. 28일 신한카드 빅데이터연구소는 2019년부터 작년까지 20대가...",http://www.segye.com/newsView/20240529511419?OutUrl=naver,https://n.news.naver.com/mnews/article/022/0003937203?sid=102,"Wed, 29 May 2024 14:45:00 +0900"
연남동,요즘 20대들이 찾는 ‘핫플’은 망원동·연남동… 과거엔 명동·남산,"5년전에는 20대들이 을지로, 명동, 남산 등 중구에서 외식을 했다면 이제는 망원동과 연남동 상권이 있는 마포구로 옮겨 가고 있는 것으로 나타났다. 28일 신한카드 빅데이터연구소는 2019년부터 작년까지 20대가...",http://www.segye.com/newsView/20240529511419?OutUrl=naver,https://n.news.naver.com/mnews/article/022/0003937203?sid=102,"Wed, 29 May 2024 14:45:00 +0900"
연남동,"“선배, 마라탕후루 사주세요” 20대 외식 인기 장소는","2019년부터 지난해까지 20대가 주말에 외식을 위해 자주 찾는 지역을 분석한 결과 지난해 1위는 마포구였다. 마포구는 홍대 상권이 연남동, 망원동 등으로 확장되는 지역이다. 2019년 가장 인기 있는 지역은 명동...",https://www.kmib.co.kr/article/view.asp?arcid=0020145465&code=61121111&cp=nv,https://n.news.naver.com/mnews/article/005/0001699361?sid=102,"Tue, 28 May 2024 18:16:00 +0900"
망원동,"“선배, 마라탕후루 사주세요” 20대 외식 인기 장소는","2019년부터 지난해까지 20대가 주말에 외식을 위해 자주 찾는 지역을 분석한 결과 지난해 1위는 마포구였다. 마포구는 홍대 상권이 연남동, 망원동 등으로 확장되는 지역이다. 2019년 가장 인기 있는 지역은 명동...",https://www.kmib.co.kr/article/view.asp?arcid=0020145465&code=61121111&cp=nv,https://n.news.naver.com/mnews/article/005/0001699361?sid=102,"Tue, 28 May 2024 18:16:00 +0900"
연남동,"요즘 10·20대 어디서 돈 쓰나… ""연남동서 마라탕 먹고 전시회 나들이...",신한카드 빅데이터연구소는 20대가 주말에 외식을 위해 자주 찾는 지역이 어디인지도 지난 5년간(2019년... 상수 상권을 중심으로 20대의 소비가 이루어지면서 마포구가 1위로 올라섰다. 마포구는 홍대 상권이 연남...,https://www.moneys.co.kr/article/2024052808180868927,https://n.news.naver.com/mnews/article/417/0001004873?sid=101,"Tue, 28 May 2024 08:37:00 +0900"
여의도동,"‘치킨의 외도’…교촌·bhc·BBQ, 종합식품외식기업으로 항해",교촌치킨을 운영하는 교촌에프앤비는 글로벌 종합식품외식기업으로 나아가기 위해 메밀 요리 브랜드 ‘메밀단편’을 선보였다. 메밀단편은 지난 2월 1일 서울시 영등포구 여의도동에 개점했다. 교촌 관계자는...,http://www.g-enews.com/ko-kr/news/article/news_all/2024032913331762380687539213_1/article.html,http://www.g-enews.com/ko-kr/news/article/news_all/2024032913331762380687539213_1/article.html,"Sun, 31 Mar 2024 17:02:00 +0900"
여의도동,"[현장] ""2년 공들인 봉평 메밀면""... 한식에 꽂힌 교촌 '메밀단편' 첫 선","대표적인 비즈니스 상권인 여의도에 위치해 있지만, 최근에는 주말 방문객도 늘고 있다. SNS 상에서도 입소문이 나면서 인기를 더해가고 있다. 앞으로 교촌은 한식 위주의 외식 브랜드와 소스 사업 확장에 힘을 쏟을...",http://www.meconomynews.com/news/articleView.html?idxno=91082,http://www.meconomynews.com/news/articleView.html?idxno=91082,"Wed, 27 Mar 2024 17:38:00 +0900"
여의도동,"교촌, 한식 '메밀단편' 여의도에 첫 오픈…""글로벌 기업 도약""","© 교촌에프앤비 교촌에프앤비가 21일 서울시 영등포구 여의도동 '메밀단편'에서 미디어 시식회를 열어 신사업에 대한 의지를 밝혔다. 메밀단편은 지난달 1일 개점한 메밀 요리 브랜드로, 종합 식품 외식 기업을 꿈꾸는...",http://www.betanews.net:8080/article/1462525.html,http://www.betanews.net:8080/article/1462525.html,"Fri, 22 Mar 2024 09:00:00 +0900"
여의도동,"외식 다각화 나선 교촌, 종합식품외식기업 ‘도전장’","외식 다각화 나선 교촌, 종합식품외식기업 ‘도전장’ 교촌에프엔비가 외식 사업 다각화에 속도를 내고... 송원엽 교촌에프앤비 글로벌미주·신사업부문 혁신리더가 21일 서울 여의도동 메밀단편에서 진행된 ‘메밀단편...",https://www.viva100.com/main/view.php?key=20240321010006997,https://www.viva100.com/main/view.php?key=20240321010006997,"Fri, 22 Mar 2024 06:02:00 +0900"
여의도동,"교촌 '메밀단편', 여의도 첫 상륙…외식 문화 '새 장'","서울 여의도동 메밀단편에서 진행된 '메밀단편 미디어 시식회'에서 ""'메밀단편'은 정직하고 바른 외식브랜드... 메밀단편은 음식뿐만이 아니라 상권 선정에도 오랜 시간이 걸렸다. 첫 매장 위치를 선정하는 데에만 6개월...",https://dealsite.co.kr/articles/119915,https://dealsite.co.kr/articles/119915,"Thu, 21 Mar 2024 19:08:00 +0900"
여의도동,"교촌, 메밀·막걸리 조합 첫 선...한식 브랜드에 힘준다","서울 여의도동 메밀단편에서 열린 ‘메밀단편 미디어 시식회’에서 ""정직하고 바른 외식브랜드를 만들고자... 출점 상권 분석에 심혈을 기울였다는 점을 알 수 있는 부분이다. 교촌에프앤비는 서울 시내 핵심 상권 중...",https://www.ajunews.com/view/20240321173628462,https://www.ajunews.com/view/20240321173628462,"Thu, 21 Mar 2024 18:48:00 +0900"
여의도동,"‘치킨 넘어 한식ㆍ디저트까지’…교촌, 종합외식기업 도약",식품외식기업으로 도약하기 위해 치킨 브랜드 외에 한식 브랜드에도 집중할 것입니다.” 송원엽 교촌에프앤비 글로벌미주·신사업부문 혁신리더는 21일 서울 영등포구 여의도동 ‘메밀단편’에서 열린 미디어 간담회에서...,https://www.etoday.co.kr/news/view/2342739,https://www.etoday.co.kr/news/view/2342739,"Thu, 21 Mar 2024 18:28:00 +0900"
여의도동,[현장] 매일 '오픈런' 줄 서는 식당…교촌이 만든 '찐 한식' 요리집 '메...,"21일 서울 여의도동 메밀단편에서 진행된 '메밀단편 미디어 시식회'에서 송원엽 교촌에프앤비 글로벌미주·신사업부문 혁신리더는 ""'메밀단편'은 정직하고 바른 외식브랜드를 만들고자 하는 교촌의 의지를 담아 다양한...",https://www.nbntv.co.kr/news/articleView.html?idxno=3013252,https://www.nbntv.co.kr/news/articleView.html?idxno=3013252,"Thu, 21 Mar 2024 18:22:00 +0900"
여의도동,"교촌, 신규 외식 브랜드 '메밀단편' 여의도서 첫 선","서울 여의도동 메밀단편에서 진행된 '메밀단편 미디어 시식회'에서 ""'메밀단편'은 정직하고 바른 외식브랜드... 메밀단편은 첫 매장 위치를 선정하는 데에만 6개월 이상이 소요됐을 정도로 출점 상권 분석에도 신중을...",http://www.thefirstmedia.net/news/articleView.html?idxno=141357,http://www.thefirstmedia.net/news/articleView.html?idxno=141357,"Thu, 21 Mar 2024 16:38:00 +0900"
여의도동,"교촌에프엔비, 메밀 요리 전문 브랜드 '메밀단편' 여의도서 첫 선","서울 여의도동 메밀단편에서 진행된 '메밀단편 미디어 시식회'에서 ""'메밀단편'은 정직하고 바른 외식브랜드... 메밀단편은 첫 매장 위치를 선정하는 데에만 6개월 이상이 소요됐을 정도로 출점 상권 분석에도 신중을...",http://www.sisacast.kr/news/articleView.html?idxno=52677,http://www.sisacast.kr/news/articleView.html?idxno=52677,"Thu, 21 Mar 2024 16:24:00 +0900"
여의도동,"[현장+] 교촌, 새로운 도전 '메밀'…여의도 찍고 해외로","송원엽 교촌에프앤비 글로벌미주·신사업부문 혁신리더가 21일 여의도동 '메밀단편'에서 열린 미디어... 송 혁신리더는 ""여의도 상권은 대부분 중산층 이상의 금융계 재직 종사자들이 많아 이들을 타깃으로 하는 게...",http://www.1conomynews.co.kr/news/articleView.html?idxno=27804,http://www.1conomynews.co.kr/news/articleView.html?idxno=27804,"Thu, 21 Mar 2024 16:12:00 +0900"
여의도동,"교촌이 만든 '찐 한식' 요리 '메밀단편', 여의도에 첫 선","서울 여의도동 메밀단편에서 진행된 '메밀단편 미디어 시식회'에서 ""'메밀단편'은 정직하고 바른 외식브랜드... 메밀단편은 첫 매장 위치를 선정하는 데에만 6개월 이상이 소요됐을 정도로 출점 상권 분석에도 신중을...",http://www.startuptoday.co.kr/news/articleView.html?idxno=185077,http://www.startuptoday.co.kr/news/articleView.html?idxno=185077,"Thu, 21 Mar 2024 15:56:00 +0900"
여의도동,"교촌 ""한국 토속 재료 '메밀' 활용해 글로벌 외식기업 도약""","외식 사업을 확대합니다. 송원엽 교촌에프앤비 글로벌미주·신사업부문 혁신리더는 21일 서울 여의도동... 오피스 상권 및 백화점에서 선보이고, 고객들에게 새로운 외식 경험을 제공한다는 방침입니다. 교촌에프앤비는...",http://mbn.mk.co.kr/pages/news/newsView.php?category=mbn00003&news_seq_no=5013027,https://n.news.naver.com/mnews/article/057/0001807284?sid=101,"Thu, 21 Mar 2024 15:42:00 +0900"
여의도동,"교촌, 찐 한식 담은 '메밀단편' 인기…100% 순메밀","서울 여의도동 메밀단편에서 진행된 '메밀단편 미디어 시식회'에서 ""'메밀단편'은 정직하고 바른 외식브랜드... 첫 매장 위치를 선정하는 데에만 6개월 이상이 소요됐을 정도로 출점 상권 분석에도 신중을 기했다. 서울...",http://www.mhj21.com/160001,http://www.mhj21.com/160001,"Thu, 21 Mar 2024 15:34:00 +0900"
여의도동,"""매장 위치 선정에만 6개월""…교촌F&B '메밀단편' 순항",치킨 프랜차이즈 교촌치킨을 운영하는 교촌에프앤비가 글로벌 종합 식품 외식 기업으로 나아가기 위해... 메밀 요리 브랜드 메밀단편은 지난달 1일 서울시 영등포구 여의도동에 개점했다. 교촌에프앤비는 가장...,https://it.chosun.com/news/articleView.html?idxno=2023092112274,https://it.chosun.com/news/articleView.html?idxno=2023092112274,"Thu, 21 Mar 2024 15:28:00 +0900"
여의도동,"‘치킨’ 하나론 생존불가, 교촌 ‘메밀단편’으로 돌파구 찾을까[SS이...",사진 | 최규리기자 gyuri@sportsseoul.com 교촌에프앤비가 21일 서울 여의도동에서 ‘메밀단편 미디어 시사회’를... 송원엽 교촌에프앤비 글로벌미주·신사업부문 혁신리더는 “다양한 외식 문화를 연구한 끝에 내놓은 브랜드”...,https://www.sportsseoul.com/news/read/1410498?ref=naver,https://n.news.naver.com/mnews/article/468/0001041862?sid=101,"Thu, 21 Mar 2024 15:10:00 +0900"
여의도동,"교촌, 치킨 다음 스텝은 '한식·디저트'",국내 치킨 시장 경쟁이 심화하는 상황에서 치킨 외의 신성장동력을 확보해 글로벌 종합 식품외식 기업으로 발돋움하겠다는 것이 목표다. 한국적이면서도 색다르게 교촌에프앤비는 21일 서울시 영등포구 여의도동...,http://news.bizwatch.co.kr/article/consumer/2024/03/21/0026,https://n.news.naver.com/mnews/article/648/0000024216?sid=101,"Thu, 21 Mar 2024 14:59:00 +0900"
여의도동,"권원강 교촌 회장, 신사업 진두지휘…왜 ‘치킨’ 아닌 ‘메밀’일까",서울 여의도동 메밀단편에서 진행된 메밀단편 미디어 시식회에서 “메밀단편은 정직하고 바른 외식브랜드를... 출점 상권 분석에도 신중을 기했다. 서울 시내 여러 핵심 상권 중 직장인 약 25만명을 비롯해 하루 유동인구가...,https://economist.co.kr/article/view/ecn202403210029,https://n.news.naver.com/mnews/article/243/0000057619?sid=101,"Thu, 21 Mar 2024 14:58:00 +0900"
여의도동,"교촌의 '찐 한식' 요리 '메밀단편', 여의도에 첫 선",서울 여의도동에서 메밀단편 미디어 시식회를 21일 개최했다. 교촌에프앤비가 글로벌 종합 식품외식... 메밀단편은 첫 매장 위치를 선정하는 데 6개월 이상이 소요됐을 정도로 출점 상권 분석에도 신중을 기했다. 서울...,http://www.ezyeconomy.com/news/articleView.html?idxno=131340,http://www.ezyeconomy.com/news/articleView.html?idxno=131340,"Thu, 21 Mar 2024 14:54:00 +0900"
여의도동,"교촌 첫 메밀요리 브랜드 ‘메밀단편’, 여의도에 첫 선…“추가 오픈 ...",여의도동 메밀단편에서 진행된 ‘메밀단편 미디어 시식회’를 통해 “’메밀단편’은 정직하고 바른 외식... 메밀단편은 첫 매장 위치를 선정하는 데에만 6개월 이상이 소요됐을 정도로 출점 상권 분석에도 신중을...,https://www.ceoscoredaily.com/page/view/2024032114481666607,https://www.ceoscoredaily.com/page/view/2024032114481666607,"Thu, 21 Mar 2024 14:50:00 +0900"
여의도동,"교촌, 한식도 판다…‘메일단편’ 여의도에 오픈",여의도동 메밀단편에서 진행된 ‘메밀단편 미디어 시식회’에서 “’메밀단편’은 정직하고 바른 외식브랜... 메밀단편은 첫 매장 위치를 선정하는 데에만 6개월 이상이 소요됐을 정도로 출점 상권 분석에도 신중을...,http://www.segyebiz.com/newsView/20240321512160?OutUrl=naver,http://www.segyebiz.com/newsView/20240321512160?OutUrl=naver,"Thu, 21 Mar 2024 14:30:00 +0900"
여의도동,교촌의 '진짜 한식'… 신사업 '메밀단편' 론칭,"송원엽 교촌에프앤비 글로벌미주·신사업부문 혁신리더가 21일 서울 여의도동 메밀단편에서 진행된... 송원엽 교촌에프앤비 글로벌미주·신사업부문 혁신리더는 ""'메밀단편'은 정직하고 바른 외식브랜드를 만들고자 하는...",https://www.newsclaim.co.kr/news/articleView.html?idxno=3028928,https://www.newsclaim.co.kr/news/articleView.html?idxno=3028928,"Thu, 21 Mar 2024 14:26:00 +0900"
여의도동,"교촌에프앤비, 이번엔 성공할까…‘메밀단편’으로 외식사업 확장 재도...","여의도동 메밀단편에서 진행된 ‘메밀단편 미디어 시식회’에서 “‘메밀단편’은 정직하고 바른 외식브랜... 실제로 대표적인 비즈니스 상권인 여의도에 위치해 있지만, 최근 들어 주말 방문객도 증가세를 띄며 일 평균...",https://www.dailian.co.kr/news/view/1341824/?sc=Naver,https://n.news.naver.com/mnews/article/119/0002811881?sid=101,"Thu, 21 Mar 2024 14:16:00 +0900"
여의도동,"교촌 ""'메밀단편'으로 글로벌 기업 도약…새 브랜드도 준비 중""",""" 송원엽 교촌에프앤비 글로벌미주·신사업부문 혁신리더는 21일 서울 여의도동 메밀단편에서 진행된 '메밀단편 미디어 시식회'에서 이같이 밝혔다. 메밀단편은 교촌에프앤비가 글로벌 종합 외식기업으로 나아가기 위해...",https://daily.hankooki.com/news/articleView.html?idxno=1064653,https://daily.hankooki.com/news/articleView.html?idxno=1064653,"Thu, 21 Mar 2024 14:12:00 +0900"
여의도동,"송원엽 교촌 혁신리더 “디저트 브랜드, 추가로 선보일 것”",영등포구 여의도동 '메밀단편'에서 열린 미디어 간담회에서 향후 사업 계획에 대해 이같이 밝혔다. 교촌에프앤비는 글로벌 종합식품외식기업으로 도약하기 위해 신사업 확장에 드라이브를 걸고 있다. 올해 초 미국...,https://www.etoday.co.kr/news/view/2342681,https://www.etoday.co.kr/news/view/2342681,"Thu, 21 Mar 2024 14:08:00 +0900"
여의도동,"""한식 공략 후 세계로""…교촌에프앤비, 신사업 '메밀단편' 론칭","사진=교촌에프앤비 제공 매일일보 = 강소슬 기자  |  ""교촌그룹은 글로벌 종합 식품 외식기업으로 도약할 것이다."" 송원엽 교촌에프앤비 글로벌미주·신사업부문 혁신리더는 21일 서울 여의도동 메밀단편에서 진행된...",http://www.m-i.kr/news/articleView.html?idxno=1103912,http://www.m-i.kr/news/articleView.html?idxno=1103912,"Thu, 21 Mar 2024 14:08:00 +0900"
여의도동,"교촌에프앤비, '메밀단편'으로 사업 다각화…진정성있는 한식 선보일 것","교촌에프앤비는 21일 서울 여의도동 메밀단편에서 '메밀단편 미디어 시식회'를 열고 브랜드 개발 배경과 향후... 이날 송원엽 교촌에프앤비 글로벌미주·신사업부문 혁신리더는 ""'메밀단편'은 정직하고 바른 외식브랜드를...",http://www.metroseoul.co.kr/article/20240321500295,http://www.metroseoul.co.kr/article/20240321500295,"Thu, 21 Mar 2024 14:08:00 +0900"
여의도동,"""치킨만 팔지 않습니다""…교촌 '메밀단편', 일평균 매출 140%↑","교촌에프앤비가 21일 서울시 영등포구 여의도동 '메밀단편'에서 미디어 시식회를 열어 신사업에 대한 의지를 밝혔다. 메밀단편은 지난달 1일 개점한 메밀 요리 브랜드로, 종합 식품 외식 기업을 꿈꾸는 교촌이 장고 끝에...",http://www.inews24.com/view/1699664,https://n.news.naver.com/mnews/article/031/0000822197?sid=101,"Thu, 21 Mar 2024 14:01:00 +0900"
여의도동,외식 신사업 힘쓰는 교촌…'메밀단편' 한식 브랜드로 첫 걸음,'종합 식품 외식 기업'으로의 도약을 선언한 교촌에프앤비는 21일 여의도에 선보인 한식 브랜드 '메밀단편'을... 송원엽 교촌에프앤비 글로벌미주·신사업부문 혁신리더가 21일 서울 여의도동 메밀단편에서 진행된...,https://www.newspim.com/news/view/20240321000647,https://www.newspim.com/news/view/20240321000647,"Thu, 21 Mar 2024 14:00:00 +0900"
성수동,'신촌 시대'의 몰락…새로운 외식 핫플은 어디?,강남과 더불어 여의도와 성수동 상권도 외식 핫플레이스로 급부상하고 있다. 대표적인 오피스 상권인 여의도는 최근 '더현대 서울'의 영향으로 MZ세대의 주목을 받으며 새로운 핵심 상권으로 떠올랐다. 파이브가이즈는...,https://www.cstimes.com/news/articleView.html?idxno=579384,https://www.cstimes.com/news/articleView.html?idxno=579384,"Thu, 15 Feb 2024 07:46:00 +0900"
한남동,"[더벨]SM라이프디자인, SM 3.0 '실현'…외식자회사 팔았다","2014년 한남동으로 본점을 이전, 서울의 대표적 고급 중식당으로 자리를 잡아 갤러리아백화점과 대전... 외식업 자회사 비컨홀딩스 매각은 카카오그룹의 이익에도 부합한다. 카카오그룹은 그동안 골목상권 침해...",https://www.thebell.co.kr/free/content/ArticleView.asp?key=202402071033284240102474,https://www.thebell.co.kr/free/content/ArticleView.asp?key=202402071033284240102474,"Thu, 08 Feb 2024 09:58:00 +0900"
여의도동,"""강남‧여의도‧성수, 몰리는 이유 있네"" 외식 지형도, 승부키 떠올라","론칭, 여의도동에 첫 매장을 개점했다. 업계 관계자는 ""외식업체에게 첫 매장은 향후 사업성을 검토하는 잣대이자, 신규 브랜드의 이미지를 각인시키는 역할을 한다""며 ""첫 오픈 지역은 오랜 기간 심도 깊은 지역 상권...",http://www.m-i.kr/news/articleView.html?idxno=1091629,http://www.m-i.kr/news/articleView.html?idxno=1091629,"Wed, 07 Feb 2024 13:56:00 +0900"
연남동,죽은 상권도 되살리는 ‘지역 상품권’ 마법… “능사는 아냐” 우려도,"실제로 서울시 상권분석서비스에 따르면 신림역이 포함된 관악구 전체의 3분기 외식업 매출액(726억원)은... 젊은 층, 외국인 소비자가 홍대,연남동 상권으로 빠져나가면서 썰렁한 모습을 보였다. 또래들이 여럿 희생된...",http://news.heraldcorp.com/view.php?ud=20231220000194,https://n.news.naver.com/mnews/article/016/0002241389?sid=102,"Wed, 20 Dec 2023 10:14:00 +0900"
망원동,"서울시, 물가 안정위해 골목상권 14곳서 대대적 할인행사","외식물가 안정을 위한 '착한가격업소'도 지속적으로 확대한다는 계획이다. 우선, 당초 11월 말까지... 이벤트가 진행되는 생활상권은 ▷(관악)행운동/난곡동 ▷(마포)망원동 ▷(서대문)남가좌동 ▷(송파)방이동 ▷(양천)...",http://www.newspim.com/news/view/20231130000479,http://www.newspim.com/news/view/20231130000479,"Thu, 30 Nov 2023 11:15:00 +0900"
